"filename", "language", "Python", "MS SQL", "pip requirements", "comment", "blank", "total"
"c:\Users\maxim\OneDrive\Desktop\Money\Suivie patrimoine\app.py", "Python", 10, 0, 0, 1, 5, 16
"c:\Users\maxim\OneDrive\Desktop\Money\Suivie patrimoine\db\schema.sql", "MS SQL", 0, 168, 0, 20, 30, 218
"c:\Users\maxim\OneDrive\Desktop\Money\Suivie patrimoine\models\enums.py", "Python", 29, 0, 0, 0, 4, 33
"c:\Users\maxim\OneDrive\Desktop\Money\Suivie patrimoine\pages\1_Famille.py", "Python", 80, 0, 0, 6, 32, 118
"c:\Users\maxim\OneDrive\Desktop\Money\Suivie patrimoine\pages\2_Personnes.py", "Python", 130, 0, 0, 11, 50, 191
"c:\Users\maxim\OneDrive\Desktop\Money\Suivie patrimoine\pages\3_Import.py", "Python", 147, 0, 0, 14, 30, 191
"c:\Users\maxim\OneDrive\Desktop\Money\Suivie patrimoine\requirements.txt", "pip requirements", 0, 0, 38, 0, 1, 39
"c:\Users\maxim\OneDrive\Desktop\Money\Suivie patrimoine\services\calculations.py", "Python", 17, 0, 0, 4, 5, 26
"c:\Users\maxim\OneDrive\Desktop\Money\Suivie patrimoine\services\credits.py", "Python", 261, 0, 0, 98, 77, 436
"c:\Users\maxim\OneDrive\Desktop\Money\Suivie patrimoine\services\db.py", "Python", 34, 0, 0, 10, 10, 54
"c:\Users\maxim\OneDrive\Desktop\Money\Suivie patrimoine\services\depenses_repository.py", "Python", 39, 0, 0, 12, 16, 67
"c:\Users\maxim\OneDrive\Desktop\Money\Suivie patrimoine\services\fx.py", "Python", 37, 0, 0, 13, 13, 63
"c:\Users\maxim\OneDrive\Desktop\Money\Suivie patrimoine\services\imports.py", "Python", 241, 0, 0, 51, 69, 361
"c:\Users\maxim\OneDrive\Desktop\Money\Suivie patrimoine\services\pe_cash_repository.py", "Python", 24, 0, 0, 4, 3, 31
"c:\Users\maxim\OneDrive\Desktop\Money\Suivie patrimoine\services\portfolio.py", "Python", 75, 0, 0, 28, 28, 131
"c:\Users\maxim\OneDrive\Desktop\Money\Suivie patrimoine\services\pricing.py", "Python", 26, 0, 0, 5, 13, 44
"c:\Users\maxim\OneDrive\Desktop\Money\Suivie patrimoine\services\private_equity.py", "Python", 218, 0, 0, 54, 75, 347
"c:\Users\maxim\OneDrive\Desktop\Money\Suivie patrimoine\services\private_equity_repository.py", "Python", 49, 0, 0, 7, 7, 63
"c:\Users\maxim\OneDrive\Desktop\Money\Suivie patrimoine\services\repositories.py", "Python", 142, 0, 0, 54, 39, 235
"c:\Users\maxim\OneDrive\Desktop\Money\Suivie patrimoine\services\revenus_repository.py", "Python", 39, 0, 0, 12, 17, 68
"c:\Users\maxim\OneDrive\Desktop\Money\Suivie patrimoine\services\sankey.py", "Python", 77, 0, 0, 165, 15, 257
"c:\Users\maxim\OneDrive\Desktop\Money\Suivie patrimoine\ui\barre_navigation.py", "Python", 12, 0, 0, 0, 6, 18
"c:\Users\maxim\OneDrive\Desktop\Money\Suivie patrimoine\ui\compte_ajout.py", "Python", 25, 0, 0, 0, 5, 30
"c:\Users\maxim\OneDrive\Desktop\Money\Suivie patrimoine\ui\compte_bourse.py", "Python", 231, 0, 0, 49, 76, 356
"c:\Users\maxim\OneDrive\Desktop\Money\Suivie patrimoine\ui\compte_saisie.py", "Python", 231, 0, 0, 25, 53, 309
"c:\Users\maxim\OneDrive\Desktop\Money\Suivie patrimoine\ui\compte_vue.py", "Python", 41, 0, 0, 0, 9, 50
"c:\Users\maxim\OneDrive\Desktop\Money\Suivie patrimoine\ui\credit_dashboard.py", "Python", 108, 0, 0, 13, 35, 156
"c:\Users\maxim\OneDrive\Desktop\Money\Suivie patrimoine\ui\credits_overview.py", "Python", 149, 0, 0, 20, 45, 214
"c:\Users\maxim\OneDrive\Desktop\Money\Suivie patrimoine\ui\depenses_scanner.py", "Python", 178, 0, 0, 21, 54, 253
"c:\Users\maxim\OneDrive\Desktop\Money\Suivie patrimoine\ui\private_equity_overview.py", "Python", 221, 0, 0, 25, 62, 308
"c:\Users\maxim\OneDrive\Desktop\Money\Suivie patrimoine\ui\revenus_scanner.py", "Python", 172, 0, 0, 17, 45, 234
"c:\Users\maxim\OneDrive\Desktop\Money\Suivie patrimoine\ui\sankey.py", "Python", 29, 0, 0, 1, 5, 35
"c:\Users\maxim\OneDrive\Desktop\Money\Suivie patrimoine\utils\cache.py", "Python", 11, 0, 0, 1, 5, 17
"c:\Users\maxim\OneDrive\Desktop\Money\Suivie patrimoine\utils\format_monnaie.py", "Python", 19, 0, 0, 2, 5, 26
"c:\Users\maxim\OneDrive\Desktop\Money\Suivie patrimoine\utils\formatters.py", "Python", 5, 0, 0, 0, 1, 6
"c:\Users\maxim\OneDrive\Desktop\Money\Suivie patrimoine\utils\libelles.py", "Python", 43, 0, 0, 4, 12, 59
"c:\Users\maxim\OneDrive\Desktop\Money\Suivie patrimoine\utils\validators.py", "Python", 12, 0, 0, 4, 6, 22
"Total", "-", 3162, 168, 38, 751, 963, 5082